tweet_id,user_id,conversation_id,content,posted_on
1393056939148513282,375240990,,shaking my ass to the lord of the rings soundtrack,2021-05-14 04:13:50
1393238279688884230,18634843,,"Kudos to filmmakers who are *finally figuring out that *less is more*, 3 of the 4 films I watched this week were 95‚Ä¶ https://t.co/GTbIl0IoJY",2021-05-14 16:14:25
1393241704489181185,2436998671,1393238279688884230,"The problem is that's not a ""one size fits all"" solution. Some stories benefit from a longer format (Lord of the Ri‚Ä¶ https://t.co/uOrqeSXJOQ",2021-05-14 16:28:02
1393289981465178119,4593847523,,I actually prefer The Hobbits to The Lord of the Rings.,2021-05-14 19:39:52
1393021386839449601,391141547,,i think lord of the rings should have been sluttier,2021-05-14 01:52:34
1393286162446389248,96606958,,It's weird how boomers are the most credulous people but then they invent fake stuff to be cynical about. I remembe‚Ä¶ https://t.co/1DVsazwifu,2021-05-14 19:24:41
1393184419482005507,1356058262253105152,,"Hello friends!

I will be giving away Frodo(Hobbit in Lord of the Rings) to a random person who:

1. Like this post‚Ä¶ https://t.co/AO3ZpsonXL",2021-05-14 12:40:24
1393289609296109568,362667083,,ELF Lord of the Rings Collectible movie DVD! 2 choices: The Fellowship of the Ring OR The Two Towers. Region 1 - 2‚Ä¶ https://t.co/KWYagb7G29,2021-05-14 19:38:23
1393288994092306435,1231228910433472512,,"@rmdkarthik Harry Potter, shining, murder on the Orient express, And then there were none, Lord of the rings, Life‚Ä¶ https://t.co/Nzfg7ToIg2",2021-05-14 19:35:56
1392847992856666115,1687131019,,one time i watched a whole lord of the rings movie with a guy and he didn‚Äôt even try to fuck me during it. wtf,2021-05-13 14:23:34
1393235068190134278,3165319973,,"The Fellowship of the Ring is 20 years old this year, so certified Tolkien nerds @andypidy and @BasementShaxx grab‚Ä¶ https://t.co/OkFN3bkecT",2021-05-14 16:01:39
1393286987918888963,3001781975,,"@BillyBoydActor Awesome Billy! My son is a big fan, he has autism, he knows word for word to all the Lord of the Ri‚Ä¶ https://t.co/YdClUeg5jT",2021-05-14 19:27:58
1393287697364570117,1342605772644093955,,@Magic12R @OnozasiA @olivedynamite @QueenGiftee @chimyxploit @BTankeng She's called lord of the rings üòí,2021-05-14 19:30:47
1393287533367373833,1165937835637166081,,@IGN The Lord of the Rings trilogy was a major financial success and is among the highest-grossing film series of a‚Ä¶ https://t.co/Es0T6zVRMG,2021-05-14 19:30:08
1393287416107175940,1340940649,,"@bitterkarella did you remind him Lord of the Rings came out in 1954, Legoland didn't exist until 1968",2021-05-14 19:29:40
1393287361925160960,463260943,,I‚Äôm going to watch the Lord of the Rings movies this weekend,2021-05-14 19:29:27
1393287347198955530,1130506361148780544,,"being on lord of the rings twitter has reminded me of another video that i believe made me the person i am today, p‚Ä¶ https://t.co/N4nZh85gVR",2021-05-14 19:29:24
1392645772022255627,17525171,,J.R.R. Tolkien fans across the globe encountered the seemingly impossible last month: a film version of‚Ä¶ https://t.co/OrUFmEblTt,2021-05-13 01:00:00
1393279750404288517,880528176354664448,,"Cinematography celebration! I know almost everyone will focus on the incredible shots from lord of the rings, so he‚Ä¶ https://t.co/TVWf95HKUh",2021-05-14 18:59:13
1393287275878961153,1224272917393002496,,@Murrahson I like lord of the rings but apparently the story of its armies is. Bases on Europeans and ottomans wher‚Ä¶ https://t.co/lYX7lxmfx2,2021-05-14 19:29:07
1393286882176417793,1104121210143760385,,@bitterkarella Was he not around in the 1970s when all the potheads got really into Lord of the Rings for some reason,2021-05-14 19:27:33
1393255567834161152,1112747348088836097,,Meet @stridertcat ! He is named after the Lord of the Rings character. He loves his teeth brushed with his chicken-‚Ä¶ https://t.co/nXp2hBSE3k,2021-05-14 17:23:07
1393286406886379522,1366432018481963017,,@cat0t0n1c @Von_Poopshtafle I heard in lord of the rings there is a deleted scene where Gandalf molested the hobbit‚Ä¶ https://t.co/g9ZP3mCAlf,2021-05-14 19:25:40
1393211370045276162,884010298281082880,,"#cookierun
The Lord of the Rings's paro
I'll draw the wizards when I have time
I'm go sleep nowüí§ https://t.co/67tarEP266",2021-05-14 14:27:29
1393284054238199811,1317443353953234945,,Who or what is a Sauron?,2021-05-14 19:16:19
1393286101691863040,1275305442265055234,1393284054238199811,"OMG STAY AWAY FROM SAURON! We don't need that kind of evil here after the bombs have already gone off. 

Plus that‚Ä¶ https://t.co/bKAz98y78T",2021-05-14 19:24:27
1393227153211334656,7157132,,Mortal Kombat star calls out Amazon's Lord of the Rings show for lack of diversity: https://t.co/hbS3OwT4gZ https://t.co/69BuVhhRtZ,2021-05-14 15:30:12
1393285864764190725,3244716743,,@Tom_T1T I love Lord of the Rings so I'll take it as a compliment üòçüëçüòÇüòÇüòÇ,2021-05-14 19:23:30
1393285763861782528,746492894287106052,,@Big_brendo @Daddyfixxit @RapSheet Yeah right.  You and your mom just hide from the sun and watch lord of the rings‚Ä¶ https://t.co/cTloMYaxua,2021-05-14 19:23:06
1393265038551625728,39308549,,Amazon Executive Defends The First Season Of ‚ÄòLord Of The Rings‚Äô Costing $465 Million https://t.co/oFvjd4chO1,2021-05-14 18:00:45
1393061261060018179,18927441,,"Amazon Studios added Charlotte Br√§ndstr√∂m (The Witcher, Jupiter's Legacy) to the group of directors working on its‚Ä¶ https://t.co/YPksTzOHXl",2021-05-14 04:31:01
1393092732667711489,13163012,,as someone who always remembers the eagles thing in LotR this was a cool read. https://t.co/3QJHuxzPum,2021-05-14 06:36:04
1393284267002765322,1572939458,,@SafetyPinDaily Trump still has masses of voters heading to the electoral box fueled by anger like the Lord of the‚Ä¶ https://t.co/zPbqsynb1v,2021-05-14 19:17:09
1393282804641931266,1175820136697290753,,"üèÖ 12. LEGOLAS

The Lord of the Rings - 232 votos https://t.co/aCA5M5mVuw",2021-05-14 19:11:21
1393283797978947588,1157218487879786497,,@ao Promised my son I would watch Lord of the Rings movie with him and this would be amazing to what on a screen this bigüíïüíñ‚≠êÔ∏è,2021-05-14 19:15:18
1393283542717800448,2485944787,,@timmodryoid Niggas watch Lord of the Rings once and start to draft mythology articles,2021-05-14 19:14:17
1393283275662168065,1313240299666374656,,Lord of the Rings movie sucks!,2021-05-14 19:13:13
1393146946345385985,1095029448729157632,,"Remember few months ago Kerem Said to Hande Harry isn‚Äôt a super hero and he prefers The Lord of the Rings
Kerem tod‚Ä¶ https://t.co/wVsDTaPAtl",2021-05-14 10:11:30
1393282730721427459,1391333374757900288,,"@kiIIua_zoIdyck SO TRUE!! book series to movie series never live up to the original, maybe lord of the rings is an‚Ä¶ https://t.co/jsG64WYUR3",2021-05-14 19:11:03
1393279529142132741,38678666,,"Lord of The Rings TV Show Cost BILLIONS &amp; Fans Are Already Canceling It By Labeling it ""Too Woke""? What am I missin‚Ä¶ https://t.co/sZUZNVm0jZ",2021-05-14 18:58:20
1393282294241169412,3116958887,,Limited amount of sexy orcs in lord of the rings https://t.co/GfuQiNQmt8,2021-05-14 19:09:19
1393282100791582722,1039523147278704640,,i am begging for a lord of the rings steampunk au,2021-05-14 19:08:33
1393280960238694401,1119418046135840768,,"@stanblanchett carol, elizabeth or cinderella
or lord of the rings
#CateBlanchett ‚ù§Ô∏è",2021-05-14 19:04:01
1393280592226172932,1069976807540183040,,@youhavemybow lord of the rings for the 10000th time,2021-05-14 19:02:33
1393280463574376456,370854370,,Lord of the Rings Series Director Offers Greetings From Middle-earth https://t.co/BeJswra9XA https://t.co/XIqZRWlcMB,2021-05-14 19:02:03
1393280259831828480,2189672687,,@mrsapea @ClareFuller17 Did you walk in the set of lord of the rings?,2021-05-14 19:01:14
1393280129363849221,937727071,,@NetflixUK why am I paying 13.99 for you to keep taking away the hobbit &amp; Lord of the rings?,2021-05-14 19:00:43
1393280030474526722,334878996,,@nxkhia what in The Walking Dead‚Ä¶ what in The Hunger Games‚Ä¶ what in the Lord Of The Rings‚Ä¶,2021-05-14 19:00:19
1393279977605550081,1467114457,,"""There is only one lord of the rings. And he does not share power!"" - Gandalf
https://t.co/596LTvneuo",2021-05-14 19:00:07
1393279817047478272,1336251479104086016,,The Lord of the Rings: The Two Towers https://t.co/oIQSedfNC1,2021-05-14 18:59:28
1393279529251188746,1367161222148354057,,"away with 73627 game of thrones and lord of the rings, i want the black market to be saturated with stories that fo‚Ä¶ https://t.co/KHwWkebfZC",2021-05-14 18:58:20
1393262189751021570,1516914829,,"Over the next 6 weeks we‚Äôll be covering The Lord of the Rings trilogy, breaking each film into 2 huge podcasts. The‚Ä¶ https://t.co/hRm7dhJtCx",2021-05-14 17:49:26
1393279430408220677,1298549543030661123,1393262189751021570,Yes! We are both excited for our first series covering all of The Lord of the Rings movies! https://t.co/7N06CUj2kH,2021-05-14 18:57:56
1392820825066287104,1370112012601135104,,"@IGN Tolkien already did that in lord of the rings and Hobbit, all the world know about it. I am from South America‚Ä¶ https://t.co/IftNh66m43",2021-05-13 12:35:36
1393202499667046400,17469289,,Snorkeler finds wedding ring stuck on fish https://t.co/8NnQYh7szl https://t.co/C4EvybTziJ,2021-05-14 13:52:15
1393276471712665601,938513865234579457,1393202499667046400,"Amazon's Lord of the Rings reboot, ladies and gentlemen https://t.co/6pbau10Xdm",2021-05-14 18:46:11
1393279119140474882,1336251479104086016,,The Lord of the Rings: The Fellowship of the Ring https://t.co/fSCwukqszJ,2021-05-14 18:56:42
1393279000055730179,3145345045,,@seanscanlon4 @Timcast Isn‚Äôt palestine that country next to Narnia? Or was it in lord of the rings?,2021-05-14 18:56:14
1393278826885562370,1373852189215617024,,@big_cheddars @helen Im with ya seb lord of the rings really steams my clamsüòâ,2021-05-14 18:55:32
1393278496668016643,740162620867682304,,"@FederaIAgentMom Liv Tyler, one of the elves from Lord of the Rings.",2021-05-14 18:54:14
1393278334914764801,1373711111485284353,,"@IGN Keeping on-brand with the GIF, the ‚ÄòLord of The Rings‚Äô games for the PlayStation 2 were some of the best video‚Ä¶ https://t.co/HOaWBDSJHL",2021-05-14 18:53:35
1393278312030613507,1094533968639213568,,@ludi_lin you think Lord of the Rings isn‚Äôt diverse? I felt the same about Mulan. Ignorant racist douche.,2021-05-14 18:53:30
1392972851037224960,975586286697373696,,"Lord of the Rings: Battle for middle earth 2 playthrough

https://t.co/Y0MGDkgS90",2021-05-13 22:39:42
1393277568153964548,890294723881127936,,@AOC @GOPLeader MTG is worse than the Sackville-Bagginses in the Lord Of The Rings. Much worse.,2021-05-14 18:50:32
1393277045505994753,815685514166681600,,"‚ÄòMortal Kombat‚Äô Star Accuses Amazon‚Äôs ‚ÄòLord of the Rings‚Äô of Lacking Asian Actors http: It is their ""made up world""‚Ä¶ https://t.co/7ORxl3snoy",2021-05-14 18:48:28
1393276563202920450,1323662986851082242,,Lord of the rings&gt;&gt;&gt;&gt; harry potter,2021-05-14 18:46:33
1393262313243914241,17446621,,‚ÄòMortal Kombat‚Äô Star Accuses Amazon‚Äôs ‚ÄòLord of the Rings‚Äô of Lacking Asian Actors https://t.co/neQH2FZOmI,2021-05-14 17:49:55
1393276305546878985,1175820136697290753,,"üèÖ21. √âOWYN

The Lord of the Rings - 168 votos https://t.co/7OxZoaVHrz",2021-05-14 18:45:31
1393275829388550150,18608759,,@chrismcquarrie Drop of the trailer for M7? Or will it be a lord of the rings type trailer with tid-bits of 7 and 8 together?,2021-05-14 18:43:38
1393275677965578240,205112207,,"@GailSimone This is back from the early 2000‚Äôs, but Lord of the Rings is one of the two games that got me really in‚Ä¶ https://t.co/2Q2eqAvCIs",2021-05-14 18:43:02
1393272418131656706,2335072347,,"This week, Keith and Victoria nerd out over a new Lord of the Rings podcast, get emotional over a new Netflix cooki‚Ä¶ https://t.co/j7SkWCQqTx",2021-05-14 18:30:04
1393274958034448392,2228824704,,@SarahDuggers First three Star Wars or Lord of the Rings.,2021-05-14 18:40:10
1393274632497680384,1175820136697290753,,"üèÖ 24. FARAMIR

The Lord of the Rings - 156 votos https://t.co/AKvqyHyhwq",2021-05-14 18:38:52
1393263950171680777,956628637633138689,,"Cate Blanchett

Top Movies: 
Carol 
Lord of the Rings
Thor Ragnarok
Blue Jasmine
Elizabeth
Oceans 8
Hobbits
Curious‚Ä¶ https://t.co/ZZEPriQ9YE",2021-05-14 17:56:25
1393274716425801733,3028465366,,Ludi Lin Calls Out Amazon Studios Head Over Lord of the Rings Show's Lack of Diversity https://t.co/HUx0y8QDWr https://t.co/uMTKOZ4XMJ,2021-05-14 18:39:12
1393274520509759489,36008477,,#MortalKombat star #LudiLin called out #AmazonStudios for the lack of #Asian actors cast in the upcoming The‚Ä¶ https://t.co/0s9Ke7wX3o,2021-05-14 18:38:26
1393273969315287041,1358747872657825794,,@carrottwt lord of the rings...?,2021-05-14 18:36:14
1393273847613321217,2472147018,,"""It wasn't explicitly mentioned in the Canon so it can't be true"" is one of the funniest arguments against fictiona‚Ä¶ https://t.co/i37KpVYxqg",2021-05-14 18:35:45
1393250697077051395,262040709,,i KNOW i‚Äôve seen lord of the rings before but now that i‚Äôm watching it again.........when the fuck did any of this‚Ä¶ https://t.co/XBRxNUrYbX,2021-05-14 17:03:46
1393102424274055168,1371945344213323784,,Kidi puts on earings and claims he is a christian. What a mad world.,2021-05-14 07:14:35
1393256474315476993,954433035285483522,1393102424274055168,"The Lord is a God of diversity...God gifted Israelites nose rings as noted in the book of Ezekiel, earrings isnt un‚Ä¶ https://t.co/hPGU019ZSm",2021-05-14 17:26:43
1392807962830323712,717384551379705856,,@IGN Doesn't the Lord of the Rings already have a giant global audience? its not exactly unpopular to require sweep‚Ä¶ https://t.co/kiZwilUmKL,2021-05-13 11:44:30
1393273393064071174,1317393998923923456,,@GameSpot Let‚Äôs have a lord of the rings in Harlem. This would be much watch TV and people wouldn‚Äôt cry about diversity. Win win!,2021-05-14 18:33:57
1393272431452770304,180312952,,The lord of the rings were all non fungible Tolkiens,2021-05-14 18:30:08
1393229325298802688,71548713,,"Check out these new listings over on BuyCharity! 

‚ú® The Lord of the Rings, 1980 hardback book
üî™ Wooden chopping bo‚Ä¶ https://t.co/n08FnuZnMN",2021-05-14 15:38:50
1393272161754877954,1245126787,1392847992856666115,i tried watching the lord of the rings with my ex and fell asleep two minutes into the movie https://t.co/XhzJBPzdIo,2021-05-14 18:29:03
1393272076228866056,995769045134839809,,"alright, I'm going to watch The lord of the rings: the fellowship of the ring in about 30 minutes! you can join by‚Ä¶ https://t.co/tgUcNf5GPV",2021-05-14 18:28:43
1393272036475158535,1347344162228760578,,"@jacobdotgov When I was like 11 or 12 and the lord of the rings movies had just come out, I remember regularly visi‚Ä¶ https://t.co/18dJiqfWGH",2021-05-14 18:28:33
1393271703854329857,2799816126,,"I am right tired after this week, can't even get a snooker hall or something, me and the pws will have to creativel‚Ä¶ https://t.co/1qV78IYvlv",2021-05-14 18:27:14
1392876694881533959,527885749,,"If you have yet to hike the Old Man‚Äôs Cave trail at Hocking Hills State Park in Logan, you are truly missing out.‚Ä¶ https://t.co/oOy4q6lrpB",2021-05-13 16:17:37
1393271242845786113,1141444114845749249,,Alweer Lord of the rings bro aub man,2021-05-14 18:25:24
1393270730029248512,347228089,,started watching The Lord of the Rings Trilogy,2021-05-14 18:23:22
1393270648575709184,1376081651932008450,,Translation - it‚Äôs going to be ‚Äúwoke.‚Äù And awful. https://t.co/YanYxUnTP4,2021-05-14 18:23:02
1393147502619201537,1197442075123433474,,"""ùë∞ ùíâùíÇùíóùíÜ ùíëùíÇùíîùíîùíÜùíÖ ùíïùíâùíÜ ùíïùíÜùíîùíï. ùë∞ ùíòùíäùíçùíç ùíÖùíäùíéùíäùíèùíäùíîùíâ, ùíÇùíèùíÖ ùíàùíê ùíäùíèùíïùíê ùíïùíâùíÜ ùëæùíÜùíîùíï, ùíÇùíèùíÖ ùíìùíÜùíéùíÇùíäùíè ùëÆùíÇùíçùíÇùíÖùíìùíäùíÜùíç.""

Cate Blanchett #BOTD 

The‚Ä¶ https://t.co/0KXhVLg4pB",2021-05-14 10:13:42
1393269981241122818,1127614690207645696,,"@realpeppathepig me, still having not seen any of lord of the rings: yeah hahah üòÄ",2021-05-14 18:20:23
1393269841973370881,1023529399461834752,,I was hoping for a relaxing night with Lord of the Rings but I've been invited out so I guess I'll be doing that as I don't want to rude lol,2021-05-14 18:19:50
1393134992155418628,1394935388,,Lord of the Rings would actually be a lot better if the characters were interesting and the story was good,2021-05-14 09:23:59
1393269667800698888,997897232530714624,,@m0mimpregnant2 no really i entirely get it! someday someone will try to ‚Äú‚Äù‚Äùcancel‚Äù‚Äù‚Äù‚Äù lord of the rings but today is not that day,2021-05-14 18:19:09
1393269654018134018,1058182807699173376,,Tolkien's Unfinished Sequel to The Lord of the Rings https://t.co/ZbVSk7YAi2 via @YouTube,2021-05-14 18:19:05
1393269404037697540,1377685469782278150,,"@laura_essays the prompt is ""Should bbc baby be punished for not obeying the rules in the Lord of the Rings?""",2021-05-14 18:18:06
1393239450323353600,16829374,,Amazon Boss Explains Why 'The Lord of the Rings' TV Show Needs to Have a $465M Budget  https://t.co/jyfkWNsC2Q,2021-05-14 16:19:04
1392356949103058948,32190652,,"FWIW, I don't think Bennett was making a Lord of the Rings metaphor. It seemed a comparison to an old English count‚Ä¶ https://t.co/E8ys8X2J6h",2021-05-12 05:52:20
1393268830751838214,794197118537842689,,"""Lord of the Rings"" has 15.7 times as many words as ""Charlie and the Chocolate Factory""",2021-05-14 18:15:49
1393268700271181830,1274005632203534338,,‚ÄòMortal Kombat‚Äô Star Accuses Amazon‚Äôs ‚ÄòLord of the Rings‚Äô of Lacking Asian Actors https://t.co/jiei0Wmu88,2021-05-14 18:15:18
1393268353574350852,1203531018075947009,,@BritbongTommy Lord of the Rings would actually be a lot better if the characters were interesting and the story wa‚Ä¶ https://t.co/ZRUN6hnLdA,2021-05-14 18:13:55
1393268330077691906,1311260299530440705,,@AandolanGV Lord of the ringsüòÜüòÜü§£üòÜü§£,2021-05-14 18:13:50
1393264854799110146,191561031,,#LORDOFTHERINGS #Amazon Series Enlists #THEWITCHER's #CharlotteBr√§ndstr√∂m To Direct Two Episodes  https://t.co/v5NjKLYydX,2021-05-14 18:00:01
1393233643410268164,1360761949,,the lord of the rings: the return of the king (2003) + landscapes https://t.co/oR2u6D7cvx,2021-05-14 15:56:00
1393267386594250755,4309985687,,"New ""Lord of the Rings"" looks a bit shit. https://t.co/fOvpztxadj",2021-05-14 18:10:05
1393267026873909248,1171528282560352256,,"@MojackMarine Ideal home for fans of lord of the rings! Not to be bypassed, must-see plot üòÅ",2021-05-14 18:08:39
1393267022511882254,2928277377,1392847992856666115,There's films to shag to and then there's Lord of the Rings https://t.co/gWJAs8ytLN,2021-05-14 18:08:38
1393266920468664330,1167074809139752960,,"@Kim_BJ_ @itzbasito Lord of the rings. 1 2 3
Hobbits 1 2 3",2021-05-14 18:08:14
1393266768865603590,1131397873852211200,,"@MrGlinis The Lord of the Rings
From Wikipedia, the free encyclopedia
Jump to navigationJump to search
This article‚Ä¶ https://t.co/uURdJJgdTQ",2021-05-14 18:07:37
1393266710883483648,1167074809139752960,,@Kim_BJ_ @itzbasito üòÜü§£üòÇüòπ u see. U don't even know. Watch lord of the rings and I promise u you will throw your team‚Ä¶ https://t.co/JF06fnfd82,2021-05-14 18:07:24
1393064409258512384,346120347,,FYI..There's a new @TIME Special Edition: Lord of the Rings magazine with a pic on the cover that includes Viggo Mo‚Ä¶ https://t.co/lg7jSg3AxB,2021-05-14 04:43:31
1393266513533095939,1320360961342083072,,@frans_sande The Lord of the Rings: The Two Towers,2021-05-14 18:06:37
1393266503324094465,1049497861,,The creepy woods you can visit in the UK which inspired Lord of the Rings and Harry Potter... - The Sun https://t.co/FldE8FWmQk,2021-05-14 18:06:34
1393266359317012481,1346406367045840904,,I am so excited to eat Macaroni Cheese tonight AND watch Lord of the Rings AND chillax 2 the max,2021-05-14 18:06:00
1393266267327451139,1236165078518509568,,@kenevirem Lord of the Rings,2021-05-14 18:05:38
1392711712319500292,96911412,,The Chronicles of Narnia: Prince Caspian is one of the absolute Best epic fantasy films in existence im talking Lor‚Ä¶ https://t.co/hQRYECcuBS,2021-05-13 05:22:02
1393265790942601218,3411251981,,I‚Äôd loved to read @benbarnes his essay about Harry Potter / Lord of the Rings arch. Very curious üßê,2021-05-14 18:03:44
1393265701347938312,17628680,,"Sad. They already had a huge audience. There was noo need to pander to China, SJW's, Twitteratti, etc.

I was so lo‚Ä¶ https://t.co/HZuS2397tR",2021-05-14 18:03:23
1393265584993816578,1086000481699332097,,Fuck Warner bros fuck disney fuck the people who are doing the lord of the rings show fuck the g.i joe people. Quit‚Ä¶ https://t.co/j2faguaoUE,2021-05-14 18:02:55
1393265572150845440,1000908590796898304,,"@CasperHuls @crampell I think they've been watching too much Lord of The Rings and/ or Disney Tarzan. 

You aint Le‚Ä¶ https://t.co/cFIhg3eUF9",2021-05-14 18:02:52
1393265480329216012,1391512483341422592,,"@burningcopium Not a dwarf though! Pic is Tom Bombadil, if you have read the Lord of the Rings books",2021-05-14 18:02:30
1393265244089294848,191865890,,"@GeorgeTakei The Martian, Lord of the Rings Trilogy, The Core (guilty pleasure), Independence Day, Finding Nemo, Apollo 13.",2021-05-14 18:01:34
1393265022365847555,1337102113445318656,,@levelupdub I picked marvel but lord of the rings is tied for 1st,2021-05-14 18:00:41
1393264966065590273,16112945,,"@MrCharlieDave @tompedalino Lord of the rings: Fellowship of the Z Fighters
Lotr: The Two Brolis
Lotr: Return of Vegeta",2021-05-14 18:00:28
1393264951494598656,2784496996,,@TheHStirling Hell yes. OOE does the 80s. Atomic Blonde meets Lord of the Rings.,2021-05-14 18:00:24
1393264902438019076,1334934385938886656,,Lord of the Ringsüíé #LordOfTheRings https://t.co/E5LV2JokNb,2021-05-14 18:00:13
1393264870506721281,575896036,,minorities will never understand lord of the rings,2021-05-14 18:00:05
1393264840295211008,3000014189,,@LewdsnReviews Oh it's a real movie I was about to make a joke about star wars and lord of the rings,2021-05-14 17:59:58
1393264783135182855,1285945934996799494,1393202499667046400,"This fish is now the Lord of the Rings. It's precious to him.

One ring to rule them all. https://t.co/cw9zcPAHQM",2021-05-14 17:59:44
1393264694228516866,1221706570460880898,,Mortal Kombat Star Slams Lord of the Rings Show For Lack of Diversity https://t.co/R8ZWtLFz8H,2021-05-14 17:59:23
1393247860351713280,849809548730916864,,"if movie theaters wanted to make people go back en masse again, then they should re-release lord of the rings",2021-05-14 16:52:29
1393248371276648453,381708684,,"I saw the tiktok about remaking Lord of the Rings, keeping Ian McKellen, but replacing the rest of the cast with th‚Ä¶ https://t.co/fWZAHto84P",2021-05-14 16:54:31
1393264393316671489,1067193158147235840,,"Looking for moots

This account purely for lord of the rings and the hobbit

Honestly I just want my timeline to be‚Ä¶ https://t.co/17808yL6nV",2021-05-14 17:58:11
1393264112642166787,1050096235003203584,,@OKBJGM The Lord of the Rings trilogy. Always.,2021-05-14 17:57:04
1393263995411263488,875944685256290304,,"It's good to encourage people to have a greater suspension of disbelief within reason, but I hate it when people ar‚Ä¶ https://t.co/c3BWGOAydl",2021-05-14 17:56:36
1377488175111749633,1345337633572933632,,samwise gamgee from lord of the rings is bisexual https://t.co/H2Yo195upn,2021-04-01 05:09:08
1393263733296832518,915779247968530432,,Mortal Kombat Star Blasts Amazon‚Äôs Lord Of The Rings For Lack Of Diversity https://t.co/hZQMqnz40J,2021-05-14 17:55:34
1393263618582487041,335703295,,Lord of the Rings Amazon series is going to fucking STINK I'm calling it now,2021-05-14 17:55:06
1393263503381774336,70912695,,@GameSpot Probably lord of the rings. So much they could do with those games. Other top pick would Harry Potter. If‚Ä¶ https://t.co/W2n7Fb3RVP,2021-05-14 17:54:39
1393262835690393601,293831051,,"While there are no elves in The Seven-Petaled Shield trilogy, although someone joked that if The Lord of the Rings‚Ä¶ https://t.co/YqnBX852x6",2021-05-14 17:52:00
1393262644094803971,423428779,,"@CarlZha Poor New Zealand, the one eye of the five that got ditched for Ireland. Do Americans not like Lord of the Rings? üòÇ",2021-05-14 17:51:14
1393262619666968577,21253604,,A Soviet-Produced Adaptation of Lord of the Rings Has Resurfaced 30 Years Later https://t.co/WI6yT6E1Cp https://t.co/eySrvPTlqo,2021-05-14 17:51:08
1393262508039888896,829260588765286400,1392847992856666115,Fucking with Lord of the Rings in the background ? What in the Big bang theory LMFAOOO https://t.co/qZ3YuUc8hM,2021-05-14 17:50:42
1393261816411742226,430918047,,"@midwestmomts New Zealand.

Solely based upon The Lord of The Rings.

‚úåÔ∏èüòâ https://t.co/DThfxL9bUe",2021-05-14 17:47:57
1390772713325613057,2861287783,,For all those Lord of the Rings fans out there. This is one of the best 2021 memes I‚Äôve seen. Truly hilarious. https://t.co/SD2SlB52Jy,2021-05-07 20:57:08
1393261543635173376,278166570,,@Rick_Turner Looks like somewhere from lord of the rings- stunning.,2021-05-14 17:46:52
1393261318661152784,1965167162,,lord of the rings be having me like women with big ears. elf vibes,2021-05-14 17:45:58
1393261081716527104,19870967,,"Amazon Studios chief on their $465 million LOTR series: 'A giant, global audience needs to show up' https://t.co/k01Isk0x0x",2021-05-14 17:45:02
1393257090001645572,6542612,,There are two orcs in The Lord of the Rings named Gorbag and Shagrat. I've had a dumb scenario about these two simm‚Ä¶ https://t.co/AGJ6jA6w8Y,2021-05-14 17:29:10
1393260736961413124,497571716,,@foxesforsale I say it because someone said it on the behind the scenes DVD of Lord of the Rings and I thought it w‚Ä¶ https://t.co/fSkluZ6eiK,2021-05-14 17:43:39
1393259448806907907,163035650,,So who is the lord of the rings?,2021-05-14 17:38:32
1393258481545797634,41415913,,"Laura, albus dumbledore is in the lord of the rings. No carl hun, no x",2021-05-14 17:34:42
1392838951233224712,3967618572,,It‚Äôs going to be difficult to justify building a ‚Äúhuge world‚Äù without any characters that look Asian. Turn that ima‚Ä¶ https://t.co/gMkdlT0wQP,2021-05-13 13:47:38
1393257791373066249,1346259509845643266,,@lolesayuri lolsayuri be like yeah my dad starred in the lord of the rings https://t.co/TZ0iZsPmgw,2021-05-14 17:31:57
1393257316217131013,748187968511287297,,@TheOldManofthe3 @ArcadiaEconomic Reminds me of this dude from Lord of the Rings ü§¢ https://t.co/KUcVUNAakh,2021-05-14 17:30:04
1393257047529902080,1368137726487273472,,"Educational content as ever framed through Lord of the Rings. Nothing new to see! 

#PixeloftheApes‚Ä¶ https://t.co/Xom1ve8BvP",2021-05-14 17:29:00
1362904071116521473,10884312,,"Reviews like this are all you need to keep you going on the next book in the series. 

https://t.co/a19gI5BTkk

Som‚Ä¶ https://t.co/vhFFrsrIA7",2021-02-19 23:17:06
1393255477891538944,926200522058723329,,"The Lord of the Rings holds the record for the greatest number of false feet used in a single movie: 60,000.",2021-05-14 17:22:46
1393255383410565125,789666812388597761,,lord of the rings is so cool bc it‚Äôs very clearly the worst out of all those big franchises,2021-05-14 17:22:23
1393254412156645376,1346259509845643266,,@lolesayuri see the joke implies that you are a resident of the shire (lord of the rings) the shire is a place wher‚Ä¶ https://t.co/F0epozpY7X,2021-05-14 17:18:31
1393254343755796482,959972540117540864,,"@RicksWriting ...how could your fiction professor be a professor and think that? Lord of the Rings, Animal Farm, Wa‚Ä¶ https://t.co/lKvFRobwIi",2021-05-14 17:18:15
1393253977748213760,1352736080127115264,,@GameSpot The Lord of the Rings trilogy would have gotten so much backlash if it was released today. Thank God it w‚Ä¶ https://t.co/vnWaTNRGrV,2021-05-14 17:16:48
1393253962460110848,4176704962,,@flowersforyall gonna drop lord of the rings tomorrow and claim it as my own,2021-05-14 17:16:44
1392744172407431170,18927441,,"Amazon says its Lords of the Rings prequel series needs to appeal to a ""giant, global audience.""‚Ä¶ https://t.co/VHpniH5m50",2021-05-13 07:31:01
1393253505926942721,4711306754,,"@levelupdub There's Lord of the Rings, and then there's a bunch of wrong answers",2021-05-14 17:14:55
1393249276533387273,1317520450486824960,,if i dont feel cool and awesome looking in a day or two in just going to shave my entire body head to toe and have‚Ä¶ https://t.co/v1ZrV6vFdp,2021-05-14 16:58:07
1393253269934419993,1167074809139752960,,@Ayomide08957052 @itzbasito Omo! Hobbits actually makes the Lord of the rings clearer.  It makes us understand the‚Ä¶ https://t.co/2gvb7yaohP,2021-05-14 17:13:59
1393253111255416836,63885699,,"I just found out that my presentation on the link between alchemy and the Rings of Power in ""The Lord of the Rings""‚Ä¶ https://t.co/P9ynLCCfF4",2021-05-14 17:13:21
1393252897387843591,1362242106295791621,,i watched an entire lord of the rings movie on this shift and it still isnt over,2021-05-14 17:12:30
1393250018837110788,1328002399689183232,,"You‚Äôre on a first date with someone, and they tell you the name of their favourite movie. You immediately leave. What‚Äôs the movie?",2021-05-14 17:01:04
1393252160402599940,1082394441334353920,1393250018837110788,"Lord of the rings, The hobbit, Star Wars, Stark Trek https://t.co/8yj3A0PrOm",2021-05-14 17:09:35
1393135816537513985,260849317,,Happy birthday #CateBlanchett the marvelous Australian actress who was so memorable as socialite Meredith Logue in‚Ä¶ https://t.co/nin8Td9XpR,2021-05-14 09:27:16
1393252760557129738,54701585,,@Teafor2and2fort lord of the rings ü§£ https://t.co/vABFjYtpZl,2021-05-14 17:11:58
1390622517568626691,4559785354,,"New organic based on 
The Lord of the Rings theme
Build with @huntos_   for a 24h contest

Team : @QuanticsBuild‚Ä¶ https://t.co/ZZlMVtArcz",2021-05-07 11:00:19
1393252640100786176,52152008,,"@gay_novulvaspls Oh wait, that's David Hogg.  He's probably going to think you're pretending you live in a Lord of the Rings world.",2021-05-14 17:11:29
1393252575919722497,282190908,,@CarpenterLucian @LordAlituj D&amp;D magic has also always been much flashier and more evident. Nobody throws fireballs‚Ä¶ https://t.co/D9zO0kZjaz,2021-05-14 17:11:14
1393252552934936585,1030894911976087553,,@helen Actually you cant. According to the lore of the lord of the rings universe the power of the ring is the stro‚Ä¶ https://t.co/WibcpoDyj7,2021-05-14 17:11:08
1393252520991109121,1599702036,,"@petalsmiths This is all I want, an anime style Lord of the rings epic series",2021-05-14 17:11:01
1393252483779207176,1167074809139752960,,@Ayomide08957052 @itzbasito Have u seen the hobbits? Triology? If u watch hobbits you will throw Lord of the rings away,2021-05-14 17:10:52
1393252300345466882,67259576,,@KuiKaringithi @Amacheez I can't believe nilimaliza shadow and bone naskia like I'm missing something.... When that‚Ä¶ https://t.co/dUhDAa9CSW,2021-05-14 17:10:08
1393252208528011265,1251472148956418048,,@angelspuke25 Watching Lord of the Rings üòÄ,2021-05-14 17:09:46
1393251932102352902,17372411,,"@aqandrew *pencils ""WATCH LORD OF THE RINGS MOVIES"" into schedule* cc: @_wintersonata_",2021-05-14 17:08:40
1393251796605353988,4085269593,,"love, death and robots
castlevania 4 
lord of the rings",2021-05-14 17:08:08
1393152622022914049,1361111033390112768,,Lord of the rings wonwoo version https://t.co/nZoGPF9YUy,2021-05-14 10:34:03
1393249757758427139,3032851761,,Which two of these franchises combined would result in the best crossover movie? üò≤ https://t.co/UEp6MQuYld,2021-05-14 17:00:02
1393251290357149696,3609886577,1393249757758427139,I always imagined a Harry Potter - Lord of the rings crossover https://t.co/UjAxNZv9xE,2021-05-14 17:06:07
1393074487483043841,1243989580203921409,,"Wishing a very Happy Birthday to the incredibly talented, Cate Blanchett.

Elizabeth ‚Ä¢ The Lord of the Rings ‚Ä¢ The‚Ä¶ https://t.co/udon11M3U2",2021-05-14 05:23:34
1393250680593436676,548413671,,"@RWeberWrites Lord of the Moist Rings. Okay, maybe that‚Äôs taking it too far...üò¨",2021-05-14 17:03:42
1393250171652280321,14198241,,Amazon‚Äôs Lord Of The Rings Show Announces Final Director For Season 1 #announcement #news #streaming #tv‚Ä¶ https://t.co/ub7eHqfQjo,2021-05-14 17:01:40
1393058234647334912,830900965276581888,,I often see people talking about Lord of the Rings and saying it holds up well because it didn't use CGI. Did you g‚Ä¶ https://t.co/yr9pf1q5iU,2021-05-14 04:18:59
1393250108934926347,156048040,,"@VictoriaAveyard joined @OurDeadDarlings for a Q&amp;A to talk about world building, Lord of the Rings, and her new nov‚Ä¶ https://t.co/Lc24bKVBil",2021-05-14 17:01:25
1393249117707509769,977790540216459264,,"In the real world, Gollum is a character from The Lord of the Rings by J. R. R. Tolkien. Televised Doctor Who never‚Ä¶ https://t.co/gLQiq3Rggp",2021-05-14 16:57:29
1393118827454492675,3023832056,,"commission
#lotr #theHobbit #Tolkien
Third Age 2941, Gandalf bade final farewell to the King under the Mountain.
Th‚Ä¶ https://t.co/P2kEID3P4m",2021-05-14 08:19:46
1393246996182573057,220635302,,"ü•≥Happy Birthday #CateBlanchett!
What are your favorite roles she has done?
We want to know! https://t.co/Wcdpd597Ax",2021-05-14 16:49:03
1393249082139811842,3246248581,1393246996182573057,"Oscar &amp; Lucinda
Carol
Notes from a Scandal
The Aviator
Lord of the Rings: Fellowship of the Ring
The Gift
The Talen‚Ä¶ https://t.co/w0jo2Ypq8T",2021-05-14 16:57:21
1393248768410148864,2917832279,,@louisezus Cos he likes stuff like lord of the rings I‚Äôm guessing.,2021-05-14 16:56:06
1393248765532807169,890289424839454720,1392847992856666115,there‚Äôs no fuckin when lord of the rings is on my precious https://t.co/bRsNlI2txG,2021-05-14 16:56:05
1393160574364758016,51263592,,"Average ticket price for the the Buccaneers-Patriots‚Äô game in New England on Oct. 3 is $1,370, with prices as high‚Ä¶ https://t.co/QStKVjZ2Mh",2021-05-14 11:05:39
1393248625183100929,183927769,1393160574364758016,"Lord of the rings:

Return of the King https://t.co/mPNVyT8XOA",2021-05-14 16:55:32
1393184695689662465,392443835,,I took mushrooms last night and tried to watch the Lord of the Rings for the first time in my life. Unfortunately I‚Ä¶ https://t.co/XVJKIqVjNp,2021-05-14 12:41:30
1393248107329200130,20341446,,"So apparently I‚Äôm going to be living in a jewel mine, working in a ball pit and married to Legolas off Lord of the‚Ä¶ https://t.co/bftcGsiBPG",2021-05-14 16:53:28
1393248091025797120,926217419978412032,,@BukkitBrown The Lord of the Rings Trilogy,2021-05-14 16:53:24
1390681210335240193,1347550397506969608,,"Stain glass window style Lord of the Rings

by Breath Art https://t.co/KunS6is24y",2021-05-07 14:53:32
1393247963971952642,1362967631289061378,,"Amazon 'Lord of the Rings' Series Will Be Uninspired Tripe

By Deadwood Dale

https://t.co/nrDfK1mT05",2021-05-14 16:52:54
1393247955298095105,1391239183985876993,,"@Playingmende Star Wars
Lord of the Rings
The Bourne Series",2021-05-14 16:52:52
1392823874136514564,116010497,,when the wine has a cool label i am unfortunately a little bitch for that,2021-05-13 12:47:43
1393247757939494916,733430753724227584,1392823874136514564,"The more likely I think the bottle could be part of a Lord Of The Rings set, the more likely I am to buy it. https://t.co/leerYkuy6W",2021-05-14 16:52:05
1393247632068337668,1118643228973125632,,@rcguecore i have so many but probably the hobbit and the lord of the rings trilogies .....,2021-05-14 16:51:35
1393247582118453249,766315602810138624,,"Amazon Explains Lord of the Rings' Giant Budget, Which Is Still Smaller Than Jeff Bezos' Yacht #CEOs #market‚Ä¶ https://t.co/vYYUgxP1Gi",2021-05-14 16:51:23
1392897579868991490,51015980,,The people have spoken https://t.co/KLAcn8w26j,2021-05-13 17:40:36
1393247526191575049,249706414,1392897579868991490,"Look, watch The Lord Of The Rings and then try and tell me a West Country accent isn‚Äôt sexy... https://t.co/7S5JaXGzBH",2021-05-14 16:51:10
1393247051698348032,89079291,1392847992856666115,"there are things more important than sex, lord of the rings is one https://t.co/EYV5nKaQsX",2021-05-14 16:49:17
1393247050179956736,1251472148956418048,,Starting the Lord of The Rings trilogy again. An hours peace before C gets home and the tv is overtook with WWE,2021-05-14 16:49:16
1393246977777930247,1258590416569536518,,@rcguecore the lord of the rings trilogy!!,2021-05-14 16:48:59
1393246930008956935,1304895417101029376,,@RockyWasYer @DPJHodges @OwenJones84 I‚Äôm glad you find me so amusing. I must say likewise I‚Äôve found your company v‚Ä¶ https://t.co/CqUFQZvLQB,2021-05-14 16:48:48
1393246834143895553,2751411706,,The Fifty Shades of Grey literary universe is better than Lord of the Rings,2021-05-14 16:48:25
1393246794130264064,936371748064374786,,@jaoblia shake those charlies for the lord of the rings,2021-05-14 16:48:15
1393246637334556673,1281481738024300545,,"The absolute best bit in Lord of the Rings is that the world is round for humans but flat for Elves, which is why t‚Ä¶ https://t.co/44O7Ntoplo",2021-05-14 16:47:38
1393246488562647046,2868394642,,"@ProwlSimulator Yeah dawg all of Hal Jordan's powers, and his status as being one of the Lord of the rings that I've heard so much about",2021-05-14 16:47:02
1393246333088288772,846408697,,@joe_mama11 weens and lord of the rings we love to see it,2021-05-14 16:46:25
1393246292948701184,18269496,,Amazon Justifies Spending $465 Million On One Season Of ‚ÄòLord Of The Rings‚Äô Series https://t.co/A4T99UCbw6,2021-05-14 16:46:16
1393246080356204547,544006572,,@Lintendo_64 Nope. I take pride knowing I haven‚Äôt watched a single minute of them. Not a fan of the lord of the rings either.,2021-05-14 16:45:25
